{"cameraMode":{"drawMode":0,"name":"Shaded","section":"Shading Mode"},"sceneLighting":true,"audioPlay":false,"sceneViewState":{"showFog":true,"showMaterialUpdate":false,"showSkybox":true,"showFlares":true,"showImageEffects":true,"showParticleSystems":true},"in2DMode":false,"pivot":{"x":15.849676132202149,"y":31.911535263061525,"z":21.374963760375978},"rotation":{"x":0.013394289650022984,"y":-0.9651763439178467,"z":0.2563430070877075,"w":0.05043172091245651},"size":2.5998380184173586,"orthographic":false}