{"cameraMode":{"drawMode":0,"name":"Shaded","section":"Shading Mode"},"sceneLighting":true,"audioPlay":false,"sceneViewState":{"showFog":true,"showMaterialUpdate":false,"showSkybox":true,"showFlares":true,"showImageEffects":true,"showParticleSystems":true},"in2DMode":false,"pivot":{"x":0.7161440849304199,"y":9.221817970275879,"z":-5.681795597076416},"rotation":{"x":-0.15576818585395814,"y":-0.7815989255905151,"z":0.21580760180950166,"w":-0.5641534924507141},"size":1.6016316413879395,"orthographic":false}